K,exclusivity,semantic_coherence,held_out_likelihood,residuals,bound,lower_bound,em_iterations,frex_separation
5,8.71383608008366,-41.4356623981559,-7.32424382944076,2.79558468620669,-3409057.47644683,-3409052.68895508,50,
10,9.21112340599261,-53.4708407404921,-7.26772392829787,2.46206083291228,-3367945.53565525,-3367930.43124267,50,
15,9.41805933863987,-82.2028966096903,-7.23842809448375,2.35713814203037,-3345858.09045681,-3345830.19118542,50,
20,9.46959935438116,-79.9293610317723,-7.22905349446064,2.22948983707468,-3322440.32599635,-3322397.99037989,50,
25,9.48505282828243,-70.7671926327297,-7.20827852481257,2.08758278934681,-3296698.41565403,-3296640.41204881,50,
30,9.54920610726744,-79.2280695802729,-7.2052898920669,2.02665734509464,-3285117.91568124,-3285043.25744489,50,
