topic,gender_difference,female_prevalence,male_prevalence,frex_words
1,-0.0907838872536917,0.198898298558331,0.289682185812022,no_words
3,0.0499889211234592,0.234956650354846,0.184967729231387,no_words
4,0.042862374792861,0.211970487631944,0.169108112839083,no_words
2,-0.0285273322128705,0.14378219905266,0.172309531265531,no_words
5,0.0264599235502422,0.210392364402219,0.183932440851977,no_words
