topic,gender_difference,female_prevalence,male_prevalence,frex_words
1,0.243401039853499,0.385599563914417,0.142198524060918,didn’t
2,-0.181425106989555,0.0644523720800366,0.245877479069592,suzy
3,-0.096153801393841,0.197041497305626,0.293195298699467,ghetto
4,0.0252863232271783,0.207711570830424,0.182425247603245,nesse
5,0.00889154530271952,0.145194995869497,0.136303450566778,memorial
